{"cameraMode":{"drawMode":0,"name":"Shaded","section":"Shading Mode"},"sceneLighting":false,"audioPlay":false,"sceneViewState":{"showFog":true,"showMaterialUpdate":false,"showSkybox":false,"showFlares":true,"showImageEffects":true,"showParticleSystems":true},"in2DMode":false,"pivot":{"x":0.444587767124176,"y":-2.890692949295044,"z":39.361907958984378},"rotation":{"x":-0.009309297427535057,"y":-0.0039018678944557907,"z":0.00003476179335848428,"w":-0.999960720539093},"size":8.51430892944336,"orthographic":false}